{"cameraMode":{"drawMode":0,"name":"Shaded","section":"Shading Mode"},"sceneLighting":true,"audioPlay":false,"sceneViewState":{"showFog":false,"showMaterialUpdate":false,"showSkybox":false,"showFlares":false,"showImageEffects":false,"showParticleSystems":false},"in2DMode":false,"pivot":{"x":2.9643192291259767,"y":-2.9674434661865236,"z":3.4523074626922609},"rotation":{"x":-0.23897136747837068,"y":0.6687860488891602,"z":-0.24171090126037599,"w":-0.6612065434455872},"size":18.76435661315918,"orthographic":false}